balti,english
Elder borther, kaka
Crow, Kaaka
Kaaka rang,cucamber
ka ku, wolf
ka ku, beast
ka sked, multi pillar
ka cha, goods
ka cha, articles
ka cheh ri, court of justice
kacho, raja
kati smin mo, blacksmith
katora, cup
karten, support for pillar
kathyu, turned foot finger
kathara, peach
kathang, arrogant
kathangchan,arrogance
kathab,cooking place
kadar, beware
kanastar, canister
kapi,copy
kaba, to bury
kabab, kabab
kara, chitchat
karam, cabbage
karushing,gallows
kalak,mud
kalij,college
kalima,speech
kalimal,basil
kale,share of luck
kale tang ma, to send
kale tong,send
ka lep,flat pillar
kashoq,wooden spoon
kase, wooden box
kafan,shroud
kang kas,poor
kang skin, helper
kang kol,to help
kang kyog,curved
kang khat,to hinder
kang khat, obstruct
kang khris,leg iron
kang khris,restrain
kang go,land lord
kang rga, omen
kang ngan,ill omen
kang jong, towards leg
kang jiring,to fall
kang stong, bare foot
kang thil, sole of the feet
kang then, to support feet while climbing a higher place
kang polo,football
kang phit,bad omen
kang phing,woolen socks
kang phran,four footed
kang bdas,to go after
kang bdas,chase
kang bari,between the legs
kang ma,feet
kang mi,of the feet
kang mi,foot solider
kang mi gat,bone of foot joint
kang mi phrango,the ankle
kang mi shwat,back of side of feet
kang mi so mang,bones of feet
kang mi sen mo,fingers of the foot
kang tse,socks
kang tsot,stanf on feet fingers
kang rtsa,vein of foot
kang rtsis,census
kang zen,bare footed
kang rzes,foot print
kang yond,one with twisted feet
kang lyakh,good omen
kang shing,wooden boots
kang sa,boundry
kang sngon,green foot
kang lham,boot
kang lham,shoe
kaj,button hole
kat tal,piece of slate
kat pa,mud slide
kat byer ba,to cling
kan,mine
kan kan,hind side of knee
kan duru,throat
kan dari,all around
kan ma,to prop
kan sa,place to prop
kane,having prop
kaptan,team captain
kab sa duk,keep
kab za,handle of sword
kab sha,shoes
kab sha,leather
kam chan,unprofitable
kam chan,with little growth
kamander,leader of a group of fighters
kaz bur,bush with throns
kar,motor car
kar toos,cartridge
kar khana,workshop
kar,suffering
kar,pain
kar,grief
kar kong,water course
karnel,colonel
kar pat,complete white
kar pung,white hair
kar par,eagerness
kar pho,white
kar pho rgyuma,large intestine
kar rtsi,whitewash
kar yul,porcelain
kar ling,white
kar lug,white lamb
kal,famine
kal,drought
kal kil,black bitting
kal da,bag
kal da,purse
kal phi,loaded
kal phi,remitted
kal ba,to mount
kal ba,to send
kal ba,to graft
kal ya,coating of tin
kas,crack
kas ka,stairs
kas ka,ladder
kas tan,base of the pillar
kas pa,to brust
kas ong ma,to crack
ka sal,your honour
ka sal,sir
ka sal rmot pa,to call
ka sal rmot pa,to send for
kas na,horn trumpet
kat kat,noise of hen
kat kateg,sound of hen after laying
ki ki,sparrow hawk
ki ti,little goat
ki moq,ant
chimoq,ant
ki tsaraq,prancing of young goats
ki li,hoe
ki li,spud
ki shik,flea
ki sir,bread
ki rik,clue
ki rik mi bya,be silent
ki rik karaq,bending track
ki rik karaq,zig zag
ki rik karaq,twisted path
kik pa,be adorned
kit,small
kit,wee
kit,prancing of goat
kit phang ma,to prance
kt kit bya,apparent love
kt kit bya,tansitory respect
kish,light streak
kish cha,anger
ksh mish,rasin
ku che,slow
ku che,easily
ku che,comfortably
ku naq,oil cake
ku zhing,swallow
ku aat,wide open mouth
ku aat,cooking pain made of stone
ku rum bu,narrow
ku rik,bent
ku laq,ku laq
ku luk,key
ku lung,heron
ku le,slowly
ku le,comfortably
ku shu,apple
ku shu mik,sheep with spots arround eyes
ku aa,skin
ku aa,hide
ku aa,unable to tenderize
ku hu,a species of dove
kuk pa,to bend
kuk pa,to curl
kuk pa,to bow
kub zhi,squat
kur,water measure
kur,inkling
kur,sixth sense
kur chan,intelligent
kur chan,wise
kur chan,shrewd
kur kum,saffron
kul kul,lazy
kul kul,work at slow speed
gul gul,lazy
gul gul,work at slow speed
kul cha, kul cha
kul ni byapho,long leged cock
kushti,wrestling
kek,cake
ko ko,cocoa bean
ko ko,drink
ko kosh,chisel
ko kosh,stone cutting tool
ko ko ring,thistle thorn
ko ko ring,barbed wire
ko khan,listener
ko khan,who understands
ko chan,conceivable
ko chi,in a moment
ko chi,after a while
ko chi chik,after a while
ko chi chik,after a while
ko chi na,after some time
ko chi na,after a while
ko chi skyur ba,to leave for some time
ko chi skyur ba,leave aside
ko dyang,hard
ko dyang,very dry hide
ko tso roq,tickling
ko tsos,dyed hide
ko tse,puppy
ko re,cup
ko re,wine cup
ko re,wooden cup
ko ros,small round pebble
ko ros,oyester shell
ko lukh,intelligence
ko lukh,the sense of hearing
ko lukh,take pleasure of
ko sa?,have you heard?
kosa gwa,to be heard
kosa mi gwa,not be heard
kosa tshhor sa,head and understood
ko sa med,ill governed state
ka sa med,having no response
ko son do,wise
ko son do,prudent
ko son do,clever
kog pa,to snatch
kondaq,oil cake of appricot kernel
kondyaq,a small black colour bird
kon dol,worthless
kob,burry
kob,hide in earth
kor,burry
kor,a hole in mountain
kor kor,semi-circular
kor kor,round
kora kor,cirle
kol,load
kol,keep
kol,use
kol ba,to use
kol ba,to make use of currency
kos ko,chin
koq,snatch
koq,separate
koq,pay off
koq koq,snatch by force
koq ching,cravt
koq ching,necklace
koq phshu,to plunder
koq phsuhu,to loot
koq phushu,snatching
koq phushu bya khan
koq tshhas,throat pain
koq tshhas,bad throat
koq ma,throat
koq ma,larynx
koq ma,gullet
kof ta,meat ball
kya ke,housekeeping kill
kya ke chan,skill full
kya ke chan,manager
kya ke med pi,unskilled
kya ke med pi,clumsy
kya khra,a way of calling goat
kya ba,inter course
kyasar,Hero of Balti folk story
kyak pa,human excrement
kyaq pa,human excrement
kuak long,kite
kyak zari,farmer
kyak zari,friendly birds
kyang,slender
kyang kyong,indolent
kyang kyong,lazy
kyang kong,idle
kyang ma,to stiffen
kyang ma,frozen
kyar,items used on shoes to avoid skidding on ice
kyar kyar,flat
kyar kyar,no global
kyar kyor,weak
kyar kyor,feeble
kyar kyor,infirm
kyal ba,leather bag for storing grains
kyal bu,small leather bag
kyig rtse,unburnt brick
kyir kyir,round
kye re,upright
kye re,erct
kyog,crooked
kyog,bent
kyoq kyoq,crooked
kyog kyog,bending
kyog lam,curved winding path
kyoq lam,curved winding path
kyong,spasm
kyong,twist
kyong,small spade
kyor,weak
kyor,feeble
kra kra,uproar
kra kra,noise
kra ghas,quarrel
kra ghar,fight
kar ghar,hypocrisy
kra ghar dilemma
kra nu,lawn grass
kra ba,desert veg
kra ma,to level
kra ma,to distribute
kra tsu,large spoon
kra le tang ma,to distribute
kra le tang khan,one who distributes
krang,law sut
krang,dispute
krang krang,grass
krang thang,brawl
krang sa,dispute land
krang smang,controversy
krang stat pa,plaint
krang stat pa,petition
krang stat pa,lawsuit
kram khan,one who distributes equally
kara,sixth sense
krar chan,wise
kral khan,distributor
kral bu,small wooden beams
kral bu,left over pieces
kras ma,buckles
kraq,shine
kraq,glitter
kraq,a small muddy colour bird
kraq chan,shining
kraq chan,bright
krakh ma,spike or ear of wheat
krakh ma,barlay
kraghs,row
kraghs,strife
kraghs,discord
kri mong,elbow
kri moq,ant
kri ri,toy spinning on a tip
kri yu,sudden hue
krit,uttered word
krit,a light talk
krit,stream of milk
krit krit ltan ma,be fed up
krit krit ltan ma,to be in distress
krib,news
krib,inkling
krib,sense
krib krab,get a clue
krib krab,inkling
krib krab,sixth sense
kru,corner
kru,closet
kru kru,wind pipe
kru bji,square
kru bji,four corners
kru yas,half open
kru yas,bud
kru sum,triangle
kru sum,three corners
kru aa,berch tree
kruk,broody
kruk lding ma,end of brooding
kruk lding ma,ready for layings
kruk zgong,laying of last egg before brooding
krun krun,long or curly tresses
kruk krun,lock of hair
kre nag,smut
kro,wheat
kro kar,white wheat
kro chos,cheek
kro stros,flour of roasted wheat
kro mar,yellowish red horse with white hair and tail
kro mar,red wheat
krong krong,to stand on kees
krod pa,guts
krod pa,stomach
krob,hard pressed
krob,pressure
krob yal,mortagaging
kron kron,hanging
kron kron,to be suspended in air
kroq choq,filth
kroq choq,bad smell
kroq po,pond
kroq po,filthy
klad,brain
hlad,brain
klad pa,brain
klu,human headed serpent
klu,evil spirit
klung,river
klung sa,cultivated land
klub pa,to cover
klog pa,earwax
klon,chief minister
klon pa,to mend clothe
klon pa,to sew
lhan pa,to mend
lhan pa,to sew
rka,a small canal
rka water channel
rka bar,space in between
rka bu chung,small water channel
rka lo,lock of hair of beloved
rka lam,path along water
rka spang,spade full of earth for blocking water
rka se ri se,with difficulty
rka se ri sa,with lot of desire
rka se ri sa,with a lot of search
rkang,kernel
rkang,result of talk
rkang chan,full of kernel
rkang pha,swell
rkang pha,puffy
rkang pha,be annoyed
rkang ma,to swell
rkang ma,to puff out
rkang mar,oil of walnut
rkang med,brainless
rkang med,stupid
rkang med,uncivilised
rkat pa,swordsmanship
rkat pa,use of club
rkat pa,loose cattle in crop
rkat pa,let loose dog
rkan,palate
rkan,gullet
rkan,part of lock
rkan chad pa, tear out the palate
rkan bu,part of palate
rkan bang,satisfaction
rkan bang gwa,to quench thirst
rkan bab pha,uvula to fall
rkan bab pha,blister on horses uvula
rkan spaq pa,drool
rkan spaq pa,smack lips in craving
rkan skam pha,dry throte
rkan skam pha,tongue to be dry
rkan lyakh mo,soft spoken
rkan lyakh mo,melodious voice
rkaph las,difficult
rkaph las,ardous
rkaph las,tough
rkaph las,hard
rkab las,difficult
rkab las,ardous
rkab las,tough
rkab las,hard
rkab lasi gat,complicated
rkab lasi gat,knotty problem
rkab lasi get,riddle
rkas,skill
rkas,promising
rkas met pa,unskilled
rkas met pa, clumsy
rkah,lock of hair
rkah,hair of head
rkaq pa,kneading of atta
rkaq pa,to mix fodder of cattle
rkaq se,having kneaded
rkva,to steal
rkva chan,habitual thief
rki ma,mix
rki ri,name of mountain flower
rki le phang ma,cover up
rki le phang ma,to make fight
rkim,mix
rkim,adulterate
rkim pa,mix
rkil,cover
rkil,mingle
rkil,implicate
rkil ba,to cover
rkil ba,to mingle
rkil ba,to implicate
rku bu,to steal
rku wa,to steal
rku laq,habit of stealing
rku laq zba laq,thievery
rku le phang ma,to mix thorougly
rku le phang ma,to adulterate
rku se khyong ma,to bring stolen items
rku se gwa,to ge stealthily
rkun ma,thief
rkun ma phoq pa,to steal
rkul ba,to mix something into liquid
rkul ba,to comspire
rkus,steal
rked pa,waist
sket pa,waist
rken,evil spirit
rken,psychopath
rko ba,to dig
rko wa,to dig
rko se tang ma,to dig and bury
rko se phang ma,to dig out
rko se phung ma,to dig and take out
rko se kyung ma,to dig and bring back
rkog ma,throat
rkog ma,neck
rkoth ma,throat
rkoth ma,neck
rkong,water channel
rkong,irrigation channel
rkong go,tip of water channel
rkong pa,water man
rkong bu,earth lamp lit with wick and oil
rkong sa,to repair water course an self-help basis
rkon ma,shortage of grain
rkon ma,famine
rkon mo,shortage
rkon mo,dearth
rkos,dig
rkoq,lower part of foot finger
rkoq pa,to churn incubate eggs
rkoq pa,goal-keeping
rkoq rkoq,snatching by force
rkoq ching,necklace
rkokh khat,chocked throat
rkoth ma,throat
rkoth ma,neck
rkothming khat pa,chocking of throat
lkugs pa,deaf
lkugs pa,silent
lkugs pa,stupid
lkugs pa,dumb
lkog ma,alimentary canal
lkog ma,throat
lkog ma,neck
lkog mudud,wind pipe
lkog mudud,larynx
rkya,weak
rkya,lean
rkya,slim
rkyang,mere
rkyang,solely
rkyang,thin
rkyang,alone
rkyang,wild ass
rkyang ka,pure
rkyang ka,with aulteration
rkyang bu,blackish red coloured horse
rkyang naq,black horse
rkyang ma,footsolider
rkyang mi,footsolider
rkyal ba,to take bath
rkyal ba,to swim
rkyong,come here
rkyong,get lost
rkyong,die here
rkyong ba,to stretch
rkyong ba,to extent
rkyong tse,lamp
rkyong tse,candle
rkyong tse,earthen lamp
rkyong bu,lamp
rkyong bu,candle
rkyong bu,earthen lamp
ska ma,to dry
ska ma,be parched
ska va,blacksmiths tong
skaghar,white hair
skang ma,to fill
skang ma,to stock
skat,eyelet
skat tang ma,put eyelet for weaving
skad,voice
skad,language
skad,slang
skad ngan,bad news
skad ngan,bad tune
skad ngan,bad voice
skad chad pa,to stop talking
skad chad pa,to get annoyed
skad chik,one voice
skad chik,fellow songster
skad chik,say yes to everything
skad chhad pa,stop conversation
skad chhad pa,dead lock in negosiations
skad tang se,to call loudly
skad tang se,to call in a call in a loud voice
skad bzang,good news
skad bzang,good information
skad med,not on speaking terms
skad lyakh,sweet voice
skad lyakh,melodious voice
skad lzoq,spokesman
skam,sterile
skam,barren
skam khoq,dry cough
skam ba,fire tong of a blacksmith
skam bo,very thin
skam bo,weak
skam tri,drying odure
skam thang,dry
skam thang,bare and level plain
skam thang,dry season
skam nad,tuberculosis
skam sa,did it dry
skam se gwa,to dry up
skar,measurement
skar,estimate
skar ba,to weigh
skar ba,to measure
skar ba,to take aim
skar chan,marksman
skar chan,correct assessor
skar chung,small star
skar chen,bright star
skar da,meteor
skar rzi,tock of food items for a party
skar tshhang,milky way
skar ma,star
skar ma juk ring,comet
skar ma mi chik pa,not to match stars
skar ma mi chik pa,not to be on one grid
skar med,useless
skar med,without assessment
skal,share
skal,limit
skal ba,assign
skal ba,to make responsible
skal ba,to order
skal ba chan,helpless
skal ba chan poor
skaska,ladder
skinoq,smut
skinoq,ink stains
ski li senmo,middle fingure
ski se khyong ma,to borrow
skit po,capitalist
skit po,wealthy
skit po,rich
skin,ibex
skin,compensation
skin,revenge
skin return
skin khar,squire formation of ibex in self defence
skin tri,smell of idex hair
skin chen,heavy large ibex
skin mo,borrow
skin mo,loan
skim,silk
skim zda,fine silk thread
skil,middle
skil,center
skil,between
skil la,in center
skil la,in the middle
skil sam la,exactly in the middle
skil sami skil,exactly in the middle
skid tong,month of jamad ul awal
sku ma,tighten
sku ma,curl up
sku ma,shorten
skut,censure
skut,admonish
skut pa,thread
skut pa,connection
skut pa chad pa,break the thread
skut pa chad pa,disregard
skut pa chad pa,break relation
skut pa chhad pa,breaking of thread
skut pa chhad pa,breaking of connection
skut pa chhad pa,breaking a relation
skut po,brother in law
skut bang,to soak in oil
skut bang to massage
skut songs,admonished
skut songs,censured
skur ba,to show round
skar ba,to show round
skuru,wheal
skul,shake
skul,jolt
skul khan,one who shakes
skul ba,to shake
skul ba,to jolt
skus,rub
skus,massage
skus,apply
sku se,having applied
ske,neck
ske,about to deliver
ske,pregnant
ske chhad,condition that cow being sold in undoubttedly pregnant
ske jaq,birthday
ske tang ma,to offer one's neck for a cause
ske rte ma,condition to cut throat
skr rte ma,pledge one's life
ske de,in excess
ske de,increase
ske phang,very loyal
ske phang,to devote life
ske phang ma,last breath of a slaughtered animal
ske phis,gift at birth
ske ba,pregnant animal
ske ba,pregnant cow
ske bar,process of pregnancy
ske bar yod pi,process of giving birth
ske bar chhad phi,termination of pregnancy
ske rab,table of genealogical lineage
ske ragh,muffler
ske ragh,string used in pajama
ske ragh,belt
ske ragh ching ma,cash offered to bridgegroom by bride's family
ske lo,age to give birth
ske lo,birth year
ske se khyong ma,to bring the child home after birth
ske sa,birth place
ske min ma,offer a sacrifice
ske min ma,to present one's neck
sked pa,waist
sked pa,to increase
sked pa,to enlarge
sked shing,wood used for strenthening of wall
sko,thick
sko ru,tongs
skore phang ma,offering alarms
skore phang ma,to leave one at his position of affairs
skong,fill
skon thaq,gift to bridgegroom by brides family
skon ma,to dress
skon ma,to cover
skom,thirst
skom chhu,water to quench thirst
skom chhu,lovely item
skom pha,to be thirstly
skom pha,to wish
skom pha,to desire
skom pa,love
skom pa,hope
skor,shower
skor,give alams
skor,give circle
skor,division of a book
skor ba,to go
skor ba,move
skor ba,to ride round a thing
skor ba,to surround
skor ba,encirle
skor ba,besiege
skor ba,to sacrifies
skor bu,grindstone
skor bu,flywheal
skor skor,make some one go round
skor skor,involve in some affair
skor men doq,violet
skor men doq,aromatic plant
skol,boil
skol,hand over
skol,entrust
skol ba,to boil
skos,advertise
skos,spread
skos,announce
skya,to be born
skya,bear load
skya,to borrow
skya,ladle
skya,oars
skya khur ba,to conceive
skya duk pa,to get pregnant
skya duk pa,to conceive
skya phis,remains on ladle of crooked things
skya mar,frsh butter
skya yod pi,pregnent
skya sa,birth place
skya le kher ba,to adieu guest
skya le kher ba,to see off guest
skya le gwa,to preceed to bid farewell
skya le tang ma,to lose
skya la tang ma,to waste
skya la tang ma,to see off
skya la tang ma,bid farewell
skyang pha,show off
skyang pha,pampering
skyang ma,feign
skyang ma,to show off
skyat pa,to increase
skyat pa,grow
skyal lza,month of shawal
skyaq pa,to spend
skyaq pa,to use
skyi,outer part of skin
skyig pa,to hiccup
skyin,mountain goat
skyin gor,chameleon
skyin thang,hails
skyin thang,snowflakes
skyin pa,loan
skyin pa,borrow
skyin ma,borrow
skyin ma,loan
skyu,morsel
sku se,having applied
sku sa,having rubbed
skyu ra,should I leave
skyu ra,should i withdraw
skyu ra,should i wed
skyu re,leaving aside
skyu re,leaving aside
skyu rum,pickle
skyuk,streching of limbs due to boredom
skyug pa,to vomit
skyug pa,eject
skyur,leaven
skyur,ferment
skyur,leave it
skyur,give in marriage
skyur,hostility
skyur khur,leavened bread
skyur chhu,vinegar
skyur ba,to wed
skyur ba,to leave alone
skyur bu,shrub with pink and yellow sour fruit
skyur mo,sour
skyur juk pha,to ferment
skyur juk pha,create misunderstanding between two lovers
skye ba,be born
skye ba,give birth
skye bo,being
skye bo,human being
skye bo,mankind
skyeng ba,be ashamed
skyeng ba,be regretful
skyeng ser rlung,cold wind
skyed,to grow
skyed,to increase
skyem pa,to be thristy
skyems,thirst
skom pha,to be thristy
skom,thirst
skye tshhe,mustard
skye rags,girdle
skye rags,belt
skye ragh,belt
skyel ba,conduct
skyel ba,to accompany
skyes sdong,banana
skyos,ladle
skyogs,perforated ladle used in cooking and frying
skyogs,large spoon
skyon,fault
skyon,defect
skyon,misfortune
skyon,disadvantage
skyon,lazyness
skyon chan,lazy
skyon med,active
skyon med,alert
skyon med,agile
skyor ba,to recollect
skyor ba,to repeat
skyor ba,to learn by heart
skra,hair of head
skri ba,to guid
skru ba,to wait
skrod pa,to expel
skrod pa,to eject
kwa,to listen
kwa,did you listen
kwat,pan made of carved stone
kwat,stone utensils
kwa med,do not hear
kwa le,to listen
qa,to shout loudly
qa,to call loud
qa,voice of animals
qi ya mat,the Day of Judgement
qibla,direction of Kaba
gir aat,recitation of the Quran with correct pronounciation
qu,to break
qu,to demolish
kha,mouth
kha kar,cattle with white mouth
kha kal,additional load
kha kurum bu,items of slender mouth
kha ked phyung ma,be over critical
kha ked phyung ma,improper fault finding
kha kos,rumour
kha skos,make a noise
kha skor ba,not to give chance to speak
kha skor ba,speaking oneself
kha khor,mouth
kha khor,orifice
kha gab,lid
kha gab,covering
kha gul,one who eats
kha gong,snowball
kha gang so gang,young
kha gang so gang,prime of youth
kha gang so gang,full of life
kha gro,corner of mouth
kha kro,corner of mouth
kha ngan pa,ill tongued
kha chat,lid
kha chat,cover
kha chat pa,to seal
kha chat pa,cover with lid
kha chat pa,to cover
khachar,mule
kha chig,unanimity
kha chig,of one voice
kha chim,will
kha chu,saliva
kha chug su,having closed the opening
kha chug su,having covered with lid
kha chul,territory of Kashmir
kha chuli ose,large millet from Kashmir
kha chuli sar sing,red berry from Kashmir
kha chuli snyer ma,black pepper
kha chus,to take out from top
kha che,Kashmir
kha lcho,secretive
kha lcho,sharp heavy tool
kha chhu,ice water
kha chhu,not lasting
kha chhu,temporary
kha chhu,saliva
kha chhu khad pa,watering from mouth
kha chhu zar ba,slobber
kha chhu zar ba,tempted
kha chhat,cleft lip
kha chhar khlung chhar,snow and wind storm
kha chharu,ill tongued
kha chharu,obscene language
kha chhaq,broken mouth of utensile
kha chhaq,to get separated
kha chhaq,dispersal of crowed
kha jam,unity
kha jam,meeting
kha jam,crowed
kha jam,gather
kha jim,smack the lips
kha jim,taste
kha jim,sweet dish
kha tang,brim full
kha tang ma,snow fall
kha tod,over something
kha trang,telling the truth
kha trang,simpleton
kha rtad pa,to bite
kha rtad pa,attack by wild beast
kha tyang tyang,snow fight
kha tyang tyang,throwing snow balls
kha ltas,to set aside porton for produce in the name of greate ones
kha ston,a festival on first snow fall
kha ston,a cultural sport
kha stro,tight lip
kha stro,a pot with tight cap
kha strung ma,avoid
kha strung ma,abstain
kha strung ma,fast
kha strung ma,dieting
kha tik,animals having white spots on nostrils
kha thang,hurl
kha thang,abuses
kha thang,abuse
kha thab,use foul language
kha thab,call bad names
kha thal,use of abusive language
kha thal,slip of tongue
kha thal ba,may your words have no effect
kha thalba skwa,deny altogether
kha thalba skwa,refuse to eat and drink
kha thalba skwa,refutation
kha thig,assessment
kha thing,weeper
kha thub,abstain
kha thub,regimen
kha thus,seleted
kha thus,elected
kha thos,light tongue
kha thoq,over
kha thoq,soft spoken
kha thoq,be offended quickly
kha dar,shiver lips due to wrath
kha dar,very angry
kha dar so dar,chatter with cold
kha dar so dar,shiver lips due to cold
kha rdum,one with small mouth
kha ldaq,one who licks the lips
kha naq,dog with spots
kha naq,dog with blake jaws
kha put phang ma,make faces
kha put phang ma,mock
kha spyang bya,be soft spoken and get benefit
kha spis,thin layer of snow
kha phit,lightly injured
kha phit,bruise
kha phis,handkerchief
kha phis,napkin
kha phis,tissue
kha phu,threat
kha phu,extorrtion
kha phu,intimidation
kha phut,ball or bundle of thread and wool
kha phus so phus,gnash one's teeth
kha phus so phus,to threaten
kha phe se,with open mouth
kha phoq,snob
kha phoq,censure
kha phoq,rebuke
kha phong,boasting
kha phong tangma,to boast
kha phong tangma,bragger
kha phari,from the mouth
kha phyar,sad
kha phyar,angry
kha phyar,to pull a long face
kha bar,during the conversation
kha bar chad pa,interrupt
kha bar chad pa,to hinder talks
kha bar so bar,to speak with mincing words
kha bar so bar,to speak with difficulty
kha bar laq bar,to cheat
kha bar laq bar,to show cleverness
kha baq,lips
kha baq,mouth
kha ban,wrong message
kha ban,hypothetical
khabi mik,needle eye
khabi mik,from where thread pass
kha bu,bud
kha bu,rose bud
kha bor,breakfast
kha brot,joke
kha brot,chit chat
kha brot,buffoonery
kha med,blunt
kha marmo,talkative woman
kha marmo,mischievous
kha mar lche mar,speak fastly
kha mar lche mar,fretfull
kha mi thal,sweetness served on engagement
kha mi chik,not to agree
kha mi chik,not of one voice
kha mik mal ta,act bodly without seeing anything
kha mik mal ta,indiscreet
kha mun,unintelligent
kha mur,use fool language
kha mur so mur,show lot of rage
kha med lche med,a mute person
kha med lche med,to keep quite even when it is essential
kha tsur,duck with small beak
kha tsokh,snow white
kha tsokh,white
kha tsokh,radiant
kha tse,fork
kha tse,hay fork
kha rtse no,play with snow
kha rtse no,to make figures with fresh snow
kha tshhaq,fly in to rage
kha tshhaq,be angry
kha tshhaq ba,to tease with talk
kha tshhik,buring effect due to use of chillis
kha zar,sharp tongue
kha zar,sharp edge
kha zas,eatables
kha zos,eatables
kha zum,smile
kha zer se,to abuse
kha zer ba,to abuse
kha zos,distribution of sweets and dry fruit on nuptial night
kha yik,many
kha yik,few
kha yik,some
kha yik,certain
kha ing,in the mouth
kha yang,to talk with out thinking
kha ywa,handle of tools
kha yo,twisted
kha ra,sweet
kha ra,sugar
kha ra,kiss
kha ras,ice
kha ras,freezing of water due to extream cold
kha ra tshhon ma,sweet vegitable
kha ra tshhon ma,sugar beet
khari dam bu,suagr cane
khar rud,snow drift
kha rul mo,rotten
kha rul mo,comparison with bear's mouth
khra phoq pa, trip
khra phoq pa,stumble
kha ri,baskit
kha leb,cover
kha leb,lid
kha leb,wooden spade
kha leb zdong bu,flat tip chisel
kha leb zdong bu,tool carpenter
kha lo,rumour
kha loq pa,to reply
kha shig,prank
kha shig,joking
kha shuru,cap of a bottle
kha shuru,cork
kha shuru,cover of a pipe
kha shul,food from which someone has eaten a little
kha shul,left over food
kha she,crooked face
khe shes,dislogue
kha shes,start of a negosiation
kha shor bu,pretend to be soft spoken
kha sar,abusive
kha sar,sharp tool
kha ser,animals with yellow and brown lips
kha so,denture
kha hyat,objection
kha hlaq,surplus
kha hlaq,additional
kha khlab,cold and freezing winds
kha khlab,wave of snowfall
kha khlang,vapour emitting from mouth
kha khlang,breath
kha khlung,gossip
kha khlung,street news
kha khlu,a strip straped at bridle of horse
kha khla,frsh pure butter
kha dim,snow up to the waist
khang,home
khang,drawer
khang go,head of house
khang khang,door to door
khang khor,wanderer
khang chung,small
khang cho,claiming to be owner of house
khang be,divorcee
khang ma,house and house hold goods
khang zdep,neighbour
khang zdep,neighbourhood
khang sa,father in law's house
khab skut,needle and thread
khab skut,stitch
khab,needle
khab,bud
khab thong ma,to appear the ears of grain
khab tse,suffer mouth inflamation
khab tse,equal to a needle
khab tse,thorn
kham,hunger
kham,desire
kham skyur,damson
kham rkul,feel nausea
kham ching ma,be disgusted with eating
kham chu,mouth 
kham chu,lips
kham chu,beak
kham thun duk pa,to live with unanimity and unity
kham phang ma,to vomit
kham phang ma,vomitting
kham byer ba,not to feel hungry 
kham byer ba,to eat less
kham loq,detestable
kham loq pa,detest
kham loq pa,disgust
kham loq pa,abhor
kham saq,pleasentness
kham saq,open mind
kham sang,pleasentess
kham sang,open mind
kham sil,something to boost appetite
kham sil,appetizer
kham sul,mouth and nose
kham khsal pho,feel hungry
kham khsal pho,recover appetite
khar,fort
khar,palace
khar khar,rough
khar khar,uneven
khar chaq,prisoner of fort
khar chaq,day before yesterday
khar chung,small fort
khar chung,small palace
khar chhos,fort type building
khar sna,serrated wall of fort or palace
khar pa,guard of the fort
khar pon,defenders of the fort
khar ba,stick to
khar ba,to get strong
khar ba,to get trapped
khar ba,lead
khar ba,bronze
khar bu,fortress
khar zgaq,laying siege of a fort
khar zgaq,to surround a fort or palace
khar zen,hailstorm
khal,a weighing measure of twenty
khal tar,top
khal tar,upper
khal tari,from top
khal tari,from upper
khal tari form above
khal tari khor ba,stroll aimlessly
khal tos,good or bad omen
khal pa,a sack or bag with capactiy of twenty topas
khal pag,throat
khal ba,weave
khal buk,fall flat
khal buk,face down
khal buk,upside down
khas skos,unnecessary talking
khas skos,talkative
khas skorom,special stichfor closing the mouth of locally made purse
khas khyor,advice
khas khyor,piece of advice
khas tong,hungry
empty stomach
khas pa,skilful
khas pa,experienced
khas man,speechless
khas man,poor
khas man,supressed
khas man,opressed
khat pa,to entangle
khat sa,trapping place
khat sa,place with obstruction
khat khat,insist
khat khat,emphasis
khat khut,suspicious
khat khut,uncertain
khat khut,brush off
khakh,duty
khakh,reponsibiliy
khakh che,dear
khakh che,importance
khakh che,priority
khakh pe,immitate
khakh pe,mock
khakh yar,far away
khakh yar,isolated
khakh yar,away from habitation
khi,dog
khi skad,dog's voice
khi khor,vaga bond
khi khor,vargrant
khi khuru,dog house
khi khril,dog fight
khi jur,fear of dog
khi jundo,dog's tail
khi rtat pa,to let loose dog
khi ti,your
khi ti,yours
khiti khvang,your own
khi ti kha,on you
khi ting nu,in you
khi te gwa,carry it along
khi te ong,bring along
khi rtat pa,to let loose dog
khi rtot,loose the dog
khi dang,you people
khi dang khvang,you yourself
khi dang,byyou
khi phlu,puppy
khi pho,dog
khi phyan,stranger
khi phyar ba,attack by dogs
khi phyar ba,attack and tearing off by dogs
khi bos pa,barking of dog
khi tsokhs,like a dog
khi tsoq,sitting of dog on hind legs
khi zbyang,dog fly
khi ri khvang,your own
khi rzi,care taker of dog
khi la,chapal
khi la,chapli
khi lhat,back side of head
khi las tsokhs,shameless
khi shig,flea
khi shig,wingless blood sucking insects
khi sa,hunting ground where dogs are used
khi sar,young dog
khi khches,to play like a dog
khi khlang,dogs on heat
khi khlang khorba,dogs going after bitch on heat
khip shang,jackal
khim,stomach
khim,belly
khim,time for change of weather
khim chan,obese
khim chan,blubber
khim khor,mating season of animals
khim khor,change of weather
khir khir,wooden frame for carrying load
khil,flat place
khil ba,standing water
khil ba,pool of liquid water
khil sa,waterpool
khil takh,back of neck
khish khish,difficult
khish khish,uneasy
khish khish,bad
khish ltsang ma,to hinder
khish ltsang ma,to prevent
khish ltsang ma,to make things difficult
khu ti,their own
khu dang,those people
khu dang,my husband
khu dang khwang,those people themselves
khu yu,tread
khu yu,thresh
khu yu,tremple rick with cattle
khu  yu shor ba,to thresh harvested crop
khu ra,should i lift
khu ri,his own
khu ri khwang,he himself
khu re gwa,to take away
khu re khyung ma,to bring having loaded
khu re ong ma,to bring
khu re ong ma,to obtain
khu ru,small room
khu ru,small house
khu ru,separate room
khutu,small house
khutu,separate room
khu ruk,hand bag
khu ruk,purse
khuluk,hand bag
khuluk,purse
khuk,lean
khuk,bend
khuk,twist
khuk,grip
khuk khan,one who brings under control
khuk khan,to make one agree
khuk pha,to grasp
khuk pha,admit
khuk pha,to come in hand
khun ti,theirs
khun ti kha,on them
khun khan,one who groans
khun khan ba,to groan
khun dang,they
khun dang si,by those poeple
khun,groan
khun,moan
khun pa,to groan
khum,crease
khum,wrinkles in clothes
khum pha,to shrink
khum pha,to contract
khum pha,to blight
khum sa,hide out
khum sa,place to sit squeezed
khum kham,creased
khum kham,wrinkled
khums,squeezed
khums,blighted
khur,load
khur,loan
khur,reponsible
khur,lift
khur pa,load lifter
khur pa,quli
khur ba,to lift
khur ba,bear
khur ba,fruit
khur ba,to conceive
khur baa,bread
khush,whisper
khush khash,conspiracy
khush khash,spread rumour
khush khash bya,whispering
khush khash bya,backbiting
khut,small
khut,short
khut bya,to summarise
khe,respect
khe,value
khe chan,valuable
khe chan,respectfull
khe med,valueless
khe med,contemptible
khe med,disgrace
kheng thal ba,may your words have no effect
khed,equipoise
khed,care
khed,formality
khed,effect
khed pa,to equipoise
khed pa,to get equally
khed pa,cover all aspects
khed med,frankness
khed med,to show intimacy
khen ma,running loop for belt
khen ma,string
kheb,feeling
kheb,influence
kheb med,in effective
kheb med,callous
kheb med,insensitive
khebs,light stole that is draped over head and torso
khebs,dupatta
kher,take away
kher,pick
kher ba,to take away
kher ba,to pick and carry away
kho,he
kho ngan,malice
kho ngan,grudge
kho ngan,spite
kho ni,due to stubborness and hostility
kho ma,to have relief
kho ma,to get freedom
kho tsa,only him
kho tsa,he alone
kho re,turning
kho re,encircling
kho re,surrounding
kho re gwa,to go turning
kho re gwa,to go arround
kho la,for him
kho sang,that person also
kho sang,he also
kho si,he
kho si,by him
khog,cough
khoq,cough
khoq pa,to cough
khoq pa,to clear throat
khog bgyal,severe fit of cough
khog jur,fear of cough
khog jur,complain of cough
khong,they
khongi,their
khong ing nu,in them
khong i kha,on them
khong khundang,themselves
khon,hostility
khon,malice
khon,stubborn
khon chan,adversary
khon chan,foe
khon chan,stubborness
khom loh,sincere
khom loh,salvation
khom lu si lam,way to salvation
khoms,give oneself airs
khoms,freedom
khor,circle
khor,sector
khor,limits
khor,primises
khor khar,environment
khor khar,surrounding
khor khar,society
khor khan,worker
khor khan,servent
khor khan,helper
khor pa,guard
khor pa,sympathizer
khor pa da pa,archer
khor pa da pa,armed guard
khor ba,stroll
khor ba,move about
khor ba,walk
khor ba,sight seeing
khor ba,win competition
khol ba,to boil
khol ba,to fall
khol chuk pa,to let boil
khos,used
khos,demand
khos,importance
khos pa,be of use
khos pa,have need of
khos pa med,to be of no use
khot,stop
khot,stay
khot,stay put
khokh,cough
khokh skad,coughing
khokh nad,suffer from cough
khoq,skelton of men and animals
khoq khol,grief
khoq khol,worry
khoq khol,hurt
khoq khol,sad
khoq ngan,false hearted
khoq ngan,jealousy
khoq ngan,vexation
khoq ching,to choke
khoq pa,courage
khoq pa,generosity
khoq pa,nature
khoq pa,to cough
khoq pa phu chan,courageous
khoq pa phu chan,bountifull
khoq pa chhogho,generous
khoq pa chhogho,beneficent
khoq pa khlud pa,be touched
khoq pa khlud pa,worried
khoq pa khlud pa,be sad
khoq pa lcho,indisposed
khoq pa lcho,bad intention
khoq pa yang ma,cheerfull
khoq pa yang mo,good at heart
khoq pa yang mo,light hearted
khoq ping juk pha,to come to an understanding
khoq ping juk pha,have firm or strong intention
khoq rul,rotten habits
khoq rul,third rate
khoq luh,nature
khoq luh,disposition
khoq lyakh,good natured
khoq lyakh,humane
khoq shakh,justice
khoq shakh,being just
khoqs,coughed
khyaq zer,shiver due to cold
khyang sha,to shiver due to fever
khyang sha,shudder
khyu,water channel
khyut,dare
khyut pa,to dare
khyut pa med,do not dare
khyong,bring
khyong kher,barter trade
khynog kher,business
khyong na re,if he goes and brings
khyong ma,to bring
khyong ma,to go and bring
khyong sa,has he brought
khyong se,after bringing
khyong se,having brought after marriage
khyong se da,did he bring
khyong se da,has brought
khyong su ga,surely has he brought
khyongs,brought
khyot,courage
khyot,strength
khyot,dare
khyot chan,courageous
khyot chan,powerful
khyot chan,dare devil
khyot chan,brave
khyot med,cowardly
khyot med,timid
khyot med,weak
khyot med,courageless
khyor ba,crooked
khyor ba,stagger
khyor ba,to bend
khyor ba,to bend on side
khyor pha,turned
khyor pha,bent
khra,hawk
khra khur ba,bearer of hawk
khra go,tip of bow where string is attached
khra chhan mo,falcon
khra mik,beautiful eyes
khra mik,sharp eyes
khra tsokh,fast like hawk
khra zun pa,one who catches falcons
khra rzi,falconer
khra rzi,an employee in charge of falcon
khra ling,hunting with with falcons
khrag,blood
khraq,blood
khrag chan,bloody
khrag chhag pa,stoppage of menses
khrag thung,blood sucker
khrag thung bu,leech
khrag zag pa,menses
khrag zde,revenge of blood
khrag zde,bloodmoney
khrag shor,solidification
khrang,power
khrang,agility
khrat,dwarf
khrad pa,to sit with a streached feet
khrab,armour
khrab zuk pa,stab
khrab zuk pa,pierce
khram,cleverness
khram,alertness
khram kha,notch
khram kha,jagged
khram pa,liar
khram po,clever
khram po,alert
khrakh pa,to be skilful
khrakh pa,experienced
khrakh pa,knead flour
khrakh pa,set to work
khraq,blood
khraq,murder
khraq,blood relation
khraq khroq,complicated
khraq tri,smell of blood
khraq chik,blood relation
khraq tang ma,dysentry
khraq drul,blood shed
khraq brot,taste of blood
khraq brot,fondess of blood
khraq men doq,tulip
khraq rzes,sign of blood
khraq rin,blood money
khraq lhuk pa,to shed blood
khraq lhuk pa,to murder
khri,ten thousand
khri,chair
khri,wooden bed
khri,sleeping platform
khri pa,chairman
khri shing,wood used in roof
khri sa,entangled
khri se da,did it entangle
khri sed,has entangled
khri su ga,has it entangled
khrim,streaming of milk from udder
khrim,tradition
khrim chhing mo,name of a desert bush
khrim tang khan,judge
khrim tang khan,chief justice
khrim theb,untraditional
khrim si,as per tradition
khrim si,as usual
khrims,correct
khrims,authentic
khrims,legal
khrims,right
khrims,straight
khril,quarrel
khril,fight
khril,file case
khril,hold
khril ba,to quarrel
khril ba,to fight
khril ba,to file case
khril ba,to hold
khris,hinder
khris,peace
khris pa,to entangle
khris pa,to face hindrance
khris pa chan,entanglement
khru,hand measure
khru khan,washerman
khru khan,one who gives bath to corpse
khru chhu,remains of wash mixed with flour given to cattle
khru tho,hand measure
khru wa,to clean
khru wa,wash
khru wa,waste
khru wa,undo
khruse khyong pha,to leave after washing
khruse khyong pha,to undo good work
khruk,conspiracy
khruk,rebellion
khruk pa,conspirator
khruk pa,rebellious
khruk zgaq pa,to conspire
khruk zgaq pa,to rebell
khrung khrung,geron
khrun,height
khrun,length
khrum pa,eating b low people
khrus,wash
khrus,take bath
khrus,diarrhoea
khrus stan,diaper
khrus stan,nappy
khrus stan,pempper
khrus pa,to wash
khrus phe,flour of washed
khre led,feel ashamed
khre la da,are you ashamed
khren,influence of an evil spirit
khren,hindrance
khren,wickedness
khrel,modesty
khrel,dignity
khrel skying,disgraced
khrel chan,shy
khrel chan,having self respect
khrel chan,guard of honour
khrel chug pa,to make ashame
khrel ba,be ashamed
khrel ba,sense of shame
khrel ba chan,shameful
khrel ba chan,disgraceful
khrel ba med,not ashamed
khrel med,shameless
khrel med,immodest
khrel med,cuckold
khrel sa,are you ashamed
khrel yod,exquisite
khrel yod pa,chastity
khrel yod pa,decent
khrel yod pa,chaste
khrels,felt ashamed
khro,shout to drive cattle
khro khra,flying insect with long body and wings
khro sed,being offended
khro se da,are you being offended
khro so ga,will you be offended
khrong khrong,crane
khrong po,miser
khrong po,closed fist
khrod pa,crowd
khrod pa,group of people
khrod pa,gathering 
khron,claws of hunting bird or beast
khron,snake venom
khron pa,well
khron pa,water
khron pa,spring
khrom,bazar
khrom,market
khrom,street
khrom me,shine
khrom me,glitter
khrom me,shine like fire flames
khrol,hypocrisy
khrol cha,about to open
khrol chha,to forgive
khrol chha,to pardon
khrol po,glittering of lake
khrol ba,to open
khrol ba,released
khros,take offense
khros,offended
khros pa chan,offender
khros pa chan,huffy
khroq,internal organs
khroq,filling
khroq pha,be exhausted
khroq pha,fall in bits and pieces
khroq pha,to be very tired
khwa,to work
khwa,need
khwa,useful serviceable
khwa ta,crow
phoroq bya roq,crow
khva med,not needed
khva med,not current
khva med,unuseful
khwang,he himself
khwang,way of calling hasband by women
khwe,of that person
khwe,his
khwa shida,with him
kha,anger
kha khril,to quarrel in anger
kha chan,iracible
kha chan,touchy
kha phyung,vent one's spleen
kha phyung,to take revenge
kha but bya,vent one's rage
kha but bya,be fulfilled
kha mang,very angry
kha ra,tree with tough and heavy trunk
kha loq,become extreemly angry
kha sho,roasted fat
kha so,enraged
kha khmit pa,suppress one's anger
kha khmit pa,forbearance
kha khmit pa,to show patience
khchud,cleverness
khchud tang ma,to yawn and stretch the arms
khtub ba,to cut
khtub ba,gnaw
khan qah,place of worship
khnam,sky
khnam rdi ba,sky to brust
khpung kol ba,to encounter
khpung kol ba,to use one's shoulder
khpung zom bya,to act unitedly
khpung zom bya,having shoulder to shoulder contact
khpo,to snub by headman
khpuh ma stad pa,offer cooperation
khmul,rupee
khmul,silver coin
khmul chhu,sweat
kha zana,treasury
khar khar,rough
khar khar,uneven
khal,fast taste
khal,hot
khal khal,very sweet
khal khul,unpredictable weather
khal khul,age of puberty
khal,less
khal,mole
khla,musk deer
khla phlu,the young of deer
khlat khyur,mad
khlat khyur,rude
khlat pa,be tired
khlat pa,brain
khlat pa,fatigued
khlat ghzer,mirgraine
khlat pa za,to bother one with a great deal
khlat pa za,to disturb
khlab,guest of wind
khlab,threat
khlar,fever due to height
khlas,temporary shelter for cattles in jungle
khlas,temporary shelter for cattles in mountains
khlas pa,one who milks animals in pastures land
khlas spis,a thin layer  covering brain
khlang,bull
khlang,vapour
khlang chaq,stick with which bullock in a plough are driven
khlang dor,pair of bullock
khlang pho cho,elephant
khlang bu,calf
khlang spa,steam
khlang mar,oil from an oil press
khlang lo,year of bull
khlan,moisture
khlan,dampness
khlan,wetness
khlan ma,to paste
khlan ma,to hit
khlan la,to remunerate
khli ba,to deceive
khlu,song
khlu,song
khlu,song
klu,lyrics
khlud sha,boil
khlud sha,ulcer
khlu wa,lungs
khshil gwa,to surn badly
khshil gwa,scorched
khsal pho,cleaneed
khsal pho,picked
khling,transparent
khling,shining
khling bu,fife
khling bu,flute
khling khling,glittering
khling khling,shining
khya chad pa,clean
khya chad pa,rub
khil,a thin layer of bodys skin
khil khil,very thin
khude phi la,for God sake
khul,bud
khul,young shoot
khul khul,dish prepared of roasted flour of barley
khlung skor,whirlwind
khlung skor,fan
khlung kher ba,blast of wind
khlung chan,windy
khlung chan,a windy place
khlung traq,strong wind
khlung traq,wind storm
khlung po,wind storm
khlung thung,sparrow hawk
khlung thung,stray
khlung drul ba,blowing of wind
khlung drul ba,to fart
khlung po,wind storm
khlung phaq,cover from wind
khlung tshhqa,to find wind direction before hint
khlung shoq,amulet for change of weather
khlu wa phu,to out rage suddenly
khlu wa chan,testy
khlut pa,to swell
khlut pa,to burst
khlu tang ma, to sing a song
khlur,feeling of rivalry
khlur khlar,anger
khlu tshhir,to sing lyrics
khlu shwa,boils
khluk pa,to pour
khluk pa,dump
khlu gen,while pouring
khlung,air
khlung flatulence
khlung bjes,climate to change
khlo,narrow
khlo,strings of a saddle
khlo,hole of a commode
khlo phsus,attached strings of a saddle with which girth is tied
khlo zer,hole in wall or roof
khlom chhin,lungs
khlon,paste
khlon,hit
khlong chas,items to be roasted
khash,love
khash,affection
khash,fondness
khash chan,affectionate
khash chan,lover
khsone duk pa,to be alive
khvang,hissing sound of a bull in rage
kho,bitter
kho,bitterness
kho star,a sweet
kho star,with a little bitterness
kho kho ro,a larva
kho ros,a pleasant smelling moutainous bush
kho ros,a pleasant smelling mountainous bush
kho sor,pumpkin
kho sor,bottle gourd
khong,hole
khong,burrow
khong bu,deep
khong bu,profound
khop,burnt to ashes
khom bu zer ba,eloquence
khor,residents of Mangol
khor goq,animals with wounded back
khor rta,Mangol horse
khor phru,Mangol child
khor yul,Mangolia
khor chin,leather bag for carrying provious of journey
khos khos,crumble
khos khos,scale
khos khos chad pa,to beat thoroughly
khosh mash,a wild veg with yellow flowers
ga,where
ga chi,anything
ga na,where
ga na,whence
ga pur,camphor
ga ba,to lean over
ga ba ri,whence
ga ba ri,from where
ga bzoi kha,in some way
ga bzoi kha,some how
ga ma,chuk into mouth from palm of the hand
ga re,where is it
gari,where is it
ga re re,individualy
ga re re,every one
ga sha,in excess
ga sha,enough
ga hal,fostered big ibex
ga su,anyone
gang,frozen water
gang,full
gang,ice
gang ma,fill up
gang ma,brimful
gang ma,paid off
gang ma,all
gang chaq,tilling forzen land in advance for cultivation
gang chhaq,increase and decrease of moon
gang chhaq pa,breaking of glacier
gang chhaq pa,to freeze du eto severe cold
gang jing,glacier
gang tshho,icy frozen lake
gang ri,icy mountain
gang ri,mountain covered by ice
gang se bwa,overflowing 
gang se bwa,brimfull
gang ghbos,freezing
gangs,filled
gangs,paid
gangs,paid off
gan das,poor
gan dalu,a species of damson
gand gon,old clothing
gab khor,lower area
gab tu,below
gab bha,mattress
gab bha,thick
gab bha,thick padded bedding
gab bha,woolen bedding
gab tsa,down
gab tsa re,little below
gab tsa re,towards lower side
gabs,enclose
gam ba,under
gam ba,lower
gam bo ri,on the lower path
gam phe,small quality of roasted flour for chuking
gar gar,obstinate
gar gar,headstrong
gar gar,careless
gar gar,shameless
gar gi,bone of the neck
gar go,worry
gar go,condition of perturbation
gar gwed,where do you go
gar thons,where have you reached
gar na,from where
gar pa,where from
gar phoq,bad aim
gar phoq,stry aim
gar phoq,to walk inebriated
gar phoq,stagger
gar ba,blacksmith
gar bu,male calf
gar tsa,how far
gar tshhod zer ba,delirium talk
gar shor,where did he run
gar su la,to whome so ever
gar su la,to everyone
gal gal,a large quantity
gal gal,many
gal gol,very tired
gal gol,fatigue
gal gol,lassitude
gal hltos,scorpion
gal tos,centipede
gal ba,to tire
gal ba,to slack
glas,wild cherry
gashak,walking stick
gash gash,stubborn
gash gash,obstinate
gash gash,firm
gasa,snow leopard
basa,snow leopard
gat,knot
gat,joint
gat,knob
gat khrol ba,unite a knot
gat khrol ba,untying knot
gat khrol ba,settle a case
gat jukh pha,become knotted
gat jukh pha,to wrangle
gat jukh pha,develop a dislike
gat tang ma,tie a knot
gat tang ma,join togather
gal thang,skein
gat thang,many joints
gat thang,complexed
gathhu,rotten clothes
gathhu,rages
gakh pa,catching coold by horses
gakh pha,to stick
gakh pha,to close
giling,a powerful horse with tough and strong body
gik,intention to go
gik,would be done
gil ba,coquetry
gil ba,show off
gil ba remain dress up or doll up
gis,to butt
gis,to gore
gis kori,all around
gis kori,in all the four direction
gu lab,rose flower
gu lum,scarf
gu lam,cover
guk,flexibility
guk,bend
guk pa,to bend
guk pa,to be flexible
gun,compansation
gun,revenge
gun de,yesterday
gur,a narrow place in mountain from where water flows
gur gur,churning pot
gur gur,blending of tea
gur da lu,yellow damson
gul,snake
gul gul,lazy
gul gul,slow
gul gal,show movement
gul ba,to shake
gus,a lud voice
gus ta ba,to call
ge,which one
ge,whome
ge re,where is it
gegs,resistance
gegs,stop
gegs,hindrances
gel pa,branches
gvek,will go
gve kha byung ma,impose on someone's kindness
gve kha byung ma,be spoilt
gveng khor ba,head to be in whirl
gveng gang yod pa,cool headed
gven,while going
go,head
go,headman
go,which one
go,who
go,leader
go kar pho,one with white head
go kal ba,to place the head
go skal,share of a person according to his rank
go kha,a seat near fire place
go khang,arsenal
go khan,one who goes
go kha maru,while leaving
go kha maru,at the time of departure
go khrags pa,stubborn
go khrab,steel helmet
go khrwa,to wash head
go khol,headache
go khor,suffer from vertigo
go gul ba,shivering of head
go gul ba,palsy
go go,who all
go gostong,bareheaded
go rgyal,obstinacy
go rgyal,disobedience
go rgyal,mutiny
go rgyal,deviation
go rgyal chan,obstinate
go rgyal chan,disobedient
go cha,ready to leave
go cha,ready to leave
go chas,imminent
go chaq,with full attention
go chha,armour
go chhaq,broken headed
go chhogho,lrage headed
go jur,long head
go jur,fear of leaving
go juk,dislike
go juk,disapprove
go tyang ma,be prepared to fight
go tab,early sowing
go ting,epidemic of headache
go ting,hateful person
go tik tang se duk pa,to sit in consultation
go ltap,plunge into water
go ltap,to dip head into water
go thab,head long collision
go thab,hunters carefulness
go thik,estimate
go thik,idea of leaving
go thu nu,hang down one's head in shame
go thur,leather headgear of horses
go thus,head down
go thu ru,head over heels
go thu ru gva,to submit
go thu ru gva,to be ashamed
go thos,aged
go thos,holyman
go rdung ma,beat the head
go nad,disease of head
go naq,black headed
go pa,leader
go pa,commander
go pa,first
go pa,in front
go pi,olden days
go pi,ancient time
go pi,of the leader
go spu,hair of head
go spur,entangled head
go spu thab,plucking of hair during scuffle
go pong,leaders
go pong,of early ages
go piyung,fore fathers
go piyung,old people of the past
go phaq,skul
go phaq skol ba,to lament
go phang,waveing of hair while dancing 
go phla,braide
go phlas,to interweaven the hair
go phit,quarreling women
go phit,plucking of hair while quarreling
go phi la,for whome
go phur,drive nail in order to make wooden handle of various tools firm
go phet,half headed
go phet la tshha,mirgrain
go photo,skul
go phor,stumble
go phor,slip
go phor,also go hor
go phor phoq pa,suffer reverses
go phor phoq pa,have hard time
go phoq,solitude
go phoq,keep aloof
go phoq pa,running away of hunt after getting inkling of hunter
go phoq la,remain aloof
go phoq la,loiter alone
go bu,first born
go braq pa,to get one's head shaved
go braq pa,hair cut
go ma,first
go ma,foremost
go ma go,first of all
go moroq,dry tip of tree
go rmoq,self
go tsa raq,unbearable
go tsa raq,hateful
go tshhags,milky way
go zing,scatteredhair
go zu,warm caap
go zum,false preparation to move
go ing khor ba,suffer from vertigo
go e,of head
go yar mi gwa,no elevation
go yar mi gwa,no promotion
go yong,dizziness
go ra,got late
go ral,hair of the head
go ri,head of the marriage pocession
go rin,headmoney
go rin,reward
go rin,robe of honour
go rus,bone of head
go re,of late
go re,after passage of time
go red,being late
go ring,coot
go roq,round headed walking stick
go roq zar bu,tedpool
go la,to whome
go la,cannon ball
go la,shell
go la,artillery
go la,ammunition
go lam,passage
go lam,parting of hair in the middle
go ltsang ma,to raise the head
go li,bullet
go li,gun shot
go li,tablet
go lo,a dice of round pebble
go long,mad
go sha,meat of the head of slaughtered animal
go shang,unwise
go shang,idiot
go sa ong sa,passage for coming and going
go ser pho,one with golden hair
go hi,external
go hi,foreigner
go hyoq pa,to cover head with scarf
go hyoq pa,funeral
go khlod gwa,to lose the head
gong kal,extra load
gong skya,fresh
gong skya,pure
gong cho ro,hairdo on forehead
gong phin,twilight
gong phin,evening
gong phini,in the evening
gong pho,epilepsy
gong pho,fits
gong ma,upper
gong ma,high
gong ma,above
gong mo,a partridge of height
gong tsa,little up
gong tsa re,a little up
gong rtsa,collar
gong zar,evening meals
gong zar,dinner
got gva,to die
got pa,to be lost
got pa,to expire
got byung ma,to die
got byung ma,to pass away
god,loss
god pa,to gather
ghon,melon
gon thaq,early evening
gon theb,extra wearing of clothes
gon chas,dress
gon chas,clothing
gon chas khrwa,washing clothes
gon pa,worshipping plave of buddists
gon ma,to dress up
gon ma,to wear
chhud pa,to be much pleased
gon mo,shirt
gom,stairs
gom,hole
gom chhong,every step a jump
gom thang,full of holes
gom thal,unusual action
gom pa,doorkeeper
gom pa,guard
gom pa,headman
gom pi khuru,doorkeeper
gom ba,step
gom ba gang,distance of one step
gom rtes,foot distance
gor,late
gor ba,to be late
gor chuk pa,to be delayed
gor mo,round
gos,woolen strip
gos tong,bareheaded
gos ni,want to go
goq,peel off
goq pa,to separate
gokh yor,stupid
gya ri,a mountain
gyat pa,make a land habitable
gyat pa,to look after
gyat gyot,doubtful
gyat gyot,uncertain
gyan,height
gyan,elevation
gyan tsa,bit above
gyan tsa re,little above
gyan la,above
gyan ltar,above
gyab stat pa,to turn back
gyab stat pa,to run away
gyab stat pa,to turn tail
gyal ba,to spread out
gyal lta,wild bush
gyas pa,to be fed up with
gyuk pa,to run
gyur ba,sale
gyur ba,to die
gyen,up
gyed pa,to bring land under cultivation
gyot pa,repent
gyot pa,regretful
gyot med,no regrets
gyos po,father in law
gyokh gyokh,to take lead
gyokh pa,early in the morning
gyokh pa gong phin,everytime
gyokh pi zan,morning meal
gyokh pi kha bor,breakfast
gyokh tsari,early morning
gyoq,behind
gyod,back
gyod la,towards back
gyod se,take the initiative
gra,goitre
gra,penalty
gra,compansation
gra,rsnsom
gra khyong,harmful
gra khyong,one who is harmful
gra ti,plate
gra ti,dish
grags chan,famous
grang,coldness
grang pha,to feel cold
grang jur,fear of cold
grang lhab,wave of cold
grang ma,being cold
grang wakh,being cold
grangs,caught cold
grab,commonsense
grab chan,wise
grab shat,complain
gran za,be jealous
gran za bya,to be jealous
gral chan,administor
gral chan,manager
gral bya,to administer
gral bya,to arrange
gral med,mismanagement
grakh pha,mutual consultation
grakh mo,cold
grakh mo,chill
grakh rmit,to swallow something without chewing
grakh se,with consultation
grva,angle
grva,corner
grva khang,school building
grva pa,scholer
grva pon,school master
grva phrug,school boy
grva phrug,student
grva,school
gri,knife
gri kha,on the edge of knife
gri ma,to join togather
gri ma,to get together
gri murik,dagger
gri ltaq,back of knife
grikh,to join
grikh,to fill in the right place
grikh grikh,mutual understanding
grikh chuk,put it correct
grikh pa,be joined
grikh pa,to understand
grib,shade
grib,shadow
grib,inkling
grim,twist
grim,spasm
grim tang ma,to weave
grim tang ma,to twist
grim tang ma,to spoil work
grim phaq,shadow
grim tse,a pair of scissors
gril ba,to gather at a place
gril ba,to mix togather
gru,boat
gruba,to misapproprite
grub,received
gre,black pea
gre,black beans
gre ba,front part of neck
gre mo,elbow
gre o,pea
gren ma,to tease
gren ma,to vex
kro,wheat
grong,village
grong,town
grong chhal,collective penalty of a group
grong tukh,reponsibility of the village
grong pa,peasant
grong pa,villager
grong mi,villager
grong po,village
grong po,headman
grong phes,expatriate from village
grong ghdan,boundry of the village
grong las,cooperative
krod pa,stomach
gron,feast
gron khang,guest house
gron chan,suffering
gron chan,loss
gron chan,harmful
gron pa,guest
gron bya,to arrange feast
gron med,unharmful
gron zan,banquet
grol ba,to slacken
gros,enthusiasm
gros,courage
